This file contains the monthly mean baseline (background) methane (CH4) concentration,,,,,,,
"measured at the Kennaook / Cape Grim Baseline Air Pollution Station (KCGBAPS), ",,,,,,,
"located near the north-west tip of Tasmania, Australia.",,,,,,,
"KCGBAPS is funded and managed by the Australian Bureau of Meteorology, and",,,,,,,
the scientific program is jointly supervised with CSIRO Oceans & Atmosphere.,,,,,,,
Please acknowledge these two institutions if these data are used in publications or presentations.,,,,,,,
,,,,,,,
For more information on Kennaook / Cape Grim please see:,,,,,,,
http://www.csiro.au/greenhouse-gases/,,,,,,,
https://www.csiro.au/en/Research/OandA/Areas/Assessing-our-climate/Greenhouse-gas-data,,,,,,,
http://www.bom.gov.au/inside/cgbaps/,,,,,,,
,,,,,,,
The CH4 units are parts per billion in dry air (ppb).,,,,,,,
,,,,,,,
The most recent year of data is provided in this file on,,,,,,,
a provisional basis only. These data may be subject to further revision. ,,,,,,,
CSIRO & the Bureau make every effort to produce the most accurate and ,,,,,,,
"precise measurements possible. However, they reserve the right to make",,,,,,,
corrections to the data based on recalibration of standard gases,,,,,,,
or for other reasons deemed scientifically justified.,,,,,,,
Please see the full terms & conditions at the end of this file.,,,,,,,
,,,,,,,
Release Date: September 2024,,,,,,,
 ,,,,,,,
YYYY,MM,DD,DATE,CH4(ppb),SD(ppb),GR(ppm/yr),Source
1978,4,26,1978.3178,1479,0.7,NaN,Kennaook / Cape Grim air archive
1978,7,7,1978.5151,1497.1,0.7,NaN,Kennaook / Cape Grim air archive
1979,2,6,1979.1014,1495.1,1.8,NaN,Kennaook / Cape Grim air archive
1980,9,3,1980.6749,1540.1,0.4,NaN,Kennaook / Cape Grim air archive
1984,5,23,1984.3934,1590.9,0.5,NaN,Kennaook / Cape Grim air archive
1984,8,15,1984.620219,1610.93,0.1757,NaN,flask
1984,9,15,1984.704918,1608.35,3.0646,NaN,flask
1984,10,15,1984.786885,1605.2,2.4326,NaN,flask
1984,11,15,1984.871585,1602.31,2.2036,NaN,flask
1984,12,15,1984.953552,1594.71,2.8136,NaN,flask
1985,1,15,1985.038356,1586.63,2.2269,NaN,flask
1985,2,15,1985.123288,1582,3.1811,7.15198,flask
1985,3,15,1985.2,1582.59,2.7743,11.188,flask
1985,4,15,1985.284932,1590.09,2.9692,14.453,flask
1985,5,15,1985.367123,1598.09,1.9096,13.115,flask
1985,6,15,1985.452055,1602.56,3.2674,11.371,flask
1985,7,15,1985.534247,1610.46,4.3519,13.531,flask
1985,8,15,1985.619178,1618.08,3.6163,17.0581,flask
1985,9,15,1985.70411,1619.54,1.8852,17.21,flask
1985,10,15,1985.786301,1619.66,2.9791,15.314,flask
1985,11,15,1985.871233,1615.43,3.2347,14.807,flask
1985,12,15,1985.953425,1606.08,4.8299,16.041,flask
1986,1,15,1986.038356,1600.16,1.7567,15.655,flask
1986,2,15,1986.123288,1599.06,2.4988,13.92,flask
1986,3,15,1986.2,1599.8,2.6564,13.902,flask
1986,4,15,1986.284932,1605.4,2.8241,13.172,flask
1986,5,15,1986.367123,1612.9,2.7578,14.204,flask
1986,6,15,1986.452055,1618.6,2.2353,16.875,flask
1986,7,15,1986.534247,1626.11,3.2649,15.073,flask
1986,8,15,1986.619178,1632,1.4855,12.4139,flask
1986,9,15,1986.70411,1633.44,1.5619,12.781,flask
1986,10,15,1986.786301,1632.83,1.5633,14.8241,flask
1986,11,15,1986.871233,1629.63,2.3111,16.193,flask
1986,12,15,1986.953425,1622.95,3.5335,14.64,flask
1987,1,15,1987.038356,1615.23,2.484,13.3101,flask
1987,2,15,1987.123288,1611.47,1.4852,13.411,flask
1987,3,15,1987.2,1612.58,1.9006,13.109,flask
1987,4,15,1987.284932,1620.23,3.0178,13.736,flask
1987,5,15,1987.367123,1629.09,4.0422,14.2639,flask
1987,6,15,1987.452055,1633.24,2.3904,14.4821,flask
1987,7,15,1987.534247,1639.43,3.163,14.5179,flask
1987,8,15,1987.619178,1645.41,1.8158,10.993,flask
1987,9,15,1987.70411,1646.55,1.5418,9.96301,flask
1987,10,15,1987.786301,1646.56,1.4234,9.96692,flask
1987,11,15,1987.871233,1643.89,3.9123,7.95801,flask
1987,12,15,1987.953425,1637.44,2.8662,9.66699,flask
1988,1,15,1988.038251,1629.75,3.1082,10.609,flask
1988,2,15,1988.122951,1622.46,2.4824,9.70898,flask
1988,3,15,1988.202186,1622.54,3.407,11.421,flask
1988,4,15,1988.286885,1630.19,4.7168,11.5481,flask
1988,5,15,1988.368852,1637.05,2.5915,8.16711,flask
1988,6,15,1988.453552,1642.91,2.705,6.26099,flask
1988,7,15,1988.535519,1650.03,2.1168,11.824,flask
1988,8,15,1988.620219,1655.12,2.3406,20.239,flask
1988,9,15,1988.704918,1657.97,2.0736,17.8931,flask
1988,10,15,1988.786885,1658.11,1.9095,11.938,flask
1988,11,15,1988.871585,1652.06,3.9363,12.8831,flask
1988,12,15,1988.953552,1643.7,2.5892,14.387,flask
1989,1,15,1989.038356,1641.57,2.9351,13.876,flask
1989,2,15,1989.123288,1642.7,2.5427,13.417,flask
1989,3,15,1989.2,1640.44,2.1567,11.338,flask
1989,4,15,1989.284932,1642.13,2.7204,10.266,flask
1989,5,15,1989.367123,1649.94,4.0112,12.5619,flask
1989,6,15,1989.452055,1657.3,1.9473,13.1949,flask
1989,7,15,1989.534247,1663.91,2.7771,7.09802,flask
1989,8,15,1989.619178,1668.54,2.3561,1.59595,flask
1989,9,15,1989.70411,1669.31,1.9477,4.88293,flask
1989,10,15,1989.786301,1668.38,2.2305,8.84802,flask
1989,11,15,1989.871233,1664.62,2.5813,9.36694,flask
1989,12,15,1989.953425,1656.89,3.7338,8.85498,flask
1990,1,15,1990.038356,1648.67,2.51,7.20898,flask
1990,2,15,1990.123288,1644.3,1.6495,6.24792,flask
1990,3,15,1990.2,1645.32,1.6459,7.07898,flask
1990,4,15,1990.284932,1650.98,2.2538,8.13501,flask
1990,5,15,1990.367123,1659.3,2.9316,9.24011,flask
1990,6,15,1990.452055,1666.15,3.7392,8.76404,flask
1990,7,15,1990.534247,1671.12,2.0454,7.05505,flask
1990,8,15,1990.619178,1674.78,2.35,8.26306,flask
1990,9,15,1990.70411,1676.39,2.4527,9.04199,flask
1990,10,15,1990.786301,1676.51,1.428,9.14404,flask
1990,11,15,1990.871233,1673.86,2.2157,10.136,flask
1990,12,15,1990.953425,1665.66,3.5198,9.51001,flask
1991,1,15,1991.038356,1655.73,2.4475,10.053,flask
1991,2,15,1991.123288,1652.56,1.1598,10.655,flask
1991,3,15,1991.2,1654.36,1.5318,12.152,flask
1991,4,15,1991.284932,1660.12,3.5578,17.76,flask
1991,5,15,1991.367123,1669.44,4.6829,17.1499,flask
1991,6,15,1991.452055,1675.66,3.4938,14.973,flask
1991,7,15,1991.534247,1681.17,2.3762,19.1179,flask
1991,8,15,1991.619178,1685.44,2.2132,19.954,flask
1991,9,15,1991.70411,1688.54,2.174,18.51,flask
1991,10,15,1991.786301,1694.27,4.4997,16.554,flask
1991,11,15,1991.871233,1691.01,3.455,13.251,flask
1991,12,15,1991.953425,1680.63,3.274,13.6941,flask
1992,1,15,1992.038251,1674.85,2.9803,14.655,flask
1992,2,15,1992.122951,1672.51,0.3986,15.14,flask
1992,3,15,1992.202186,1672.87,1.7176,13.351,flask
1992,4,15,1992.286885,1676.68,1.6897,3.92798,flask
1992,5,15,1992.368852,1682.69,2.3343,1.47009,flask
1992,6,15,1992.453552,1689.36,2.611,5.75793,flask
1992,7,15,1992.535519,1695.83,2.5241,1.86401,flask
1992,8,15,1992.620219,1700.58,1.9737,-1.26306,flask
1992,9,15,1992.704918,1701.89,1.8506,0.469971,flask
1992,10,15,1992.786885,1698.2,2.3212,2.47998,flask
1992,11,15,1992.871585,1692.48,3.6478,3.39404,flask
1992,12,15,1992.953552,1686.39,2.6823,2.18396,flask
1993,1,15,1993.038356,1676.71,3.539,0.598022,flask
1993,2,15,1993.123288,1671.25,1.6212,0.465942,flask
1993,3,15,1993.2,1673.34,3.5003,0.568115,flask
1993,4,15,1993.284932,1679.16,2.626,2.84998,flask
1993,5,15,1993.367123,1686.08,3.158,4.17395,flask
1993,6,15,1993.452055,1691.54,1.7243,3.33203,flask
1993,7,15,1993.534247,1696.43,4.4029,4.974,flask
1993,8,15,1993.619178,1701.04,1.8017,4.83105,flask
1993,9,15,1993.70411,1702.46,0.2277,2.73108,flask
1993,10,15,1993.786301,1701.05,2.3421,2.35608,flask
1993,11,15,1993.871233,1696.66,2.1341,3.71997,flask
1993,12,15,1993.953425,1689.72,2.91,5.62793,flask
1994,1,15,1994.038356,1681.68,2.3402,6.82898,flask
1994,2,15,1994.123288,1676.08,2.4675,5.75806,flask
1994,3,15,1994.2,1676.07,2.3566,4.52393,flask
1994,4,15,1994.284932,1681.51,3.185,6.84302,flask
1994,5,15,1994.367123,1689.8,3.7517,8.09204,flask
1994,6,15,1994.452055,1697.17,3.1646,6.95007,flask
1994,7,15,1994.534247,1703.25,3.034,8.24207,flask
1994,8,15,1994.619178,1706.8,2.524,9.71301,flask
1994,9,15,1994.70411,1706.98,2.5781,8.61694,flask
1994,10,15,1994.786301,1707.9,1.2745,6.87097,flask
1994,11,15,1994.871233,1704.75,2.8147,5.51208,flask
1994,12,15,1994.953425,1696.67,3.2843,4.099,flask
1995,1,15,1995.038356,1689.93,2.5042,2.979,flask
1995,2,15,1995.123288,1685.8,1.1221,5.005,flask
1995,3,15,1995.2,1684.69,2.0406,7.849,flask
1995,4,15,1995.284932,1688.39,2.0349,5.84497,flask
1995,5,15,1995.367123,1695.32,3.2704,5.57898,flask
1995,6,15,1995.452055,1701.27,3.316,6.3479,flask
1995,7,15,1995.534247,1706.23,2.2484,3.58997,flask
1995,8,15,1995.619178,1711.81,2.0603,1.11401,flask
1995,9,15,1995.70411,1714.83,1.9075,0.139038,flask
1995,10,15,1995.786301,1713.74,2.4087,1.69202,flask
1995,11,15,1995.871233,1710.33,2.3231,3.10999,flask
1995,12,15,1995.953425,1703.02,3.4798,2.46008,flask
1996,1,15,1996.038251,1693.52,3.3778,2.83191,flask
1996,2,15,1996.122951,1686.91,2.5117,2.89905,flask
1996,3,15,1996.202186,1684.83,3.2373,1.81201,flask
1996,4,15,1996.286885,1690.08,3.1268,1.22302,flask
1996,5,15,1996.368852,1698.43,2.9792,-0.292969,flask
1996,6,15,1996.453552,1703.73,2.79,-0.642944,flask
1996,7,15,1996.535519,1709.06,2.5049,1.15002,flask
1996,8,15,1996.620219,1714.71,2.649,4.52795,flask
1996,9,15,1996.704918,1716.64,2.1601,10.282,flask
1996,10,15,1996.786885,1714.96,2.0453,10.005,flask
1996,11,15,1996.871585,1710.03,2.794,7.12402,flask
1996,12,15,1996.953552,1702.38,3.103,8.68591,flask
1997,1,15,1997.038356,1694.67,2.5254,8.67407,flask
1997,2,15,1997.123288,1691.44,1.6393,7.68591,flask
1997,3,15,1997.2,1695.11,3.0853,6.62097,flask
1997,4,15,1997.284932,1700.08,2.77,5.47205,flask
1997,5,15,1997.367123,1705.55,2.9069,5.93298,flask
1997,6,15,1997.452055,1712.41,2.0101,8.46594,flask
1997,7,15,1997.534247,1717.74,2.1141,9.73401,flask
1997,8,15,1997.619178,1722.39,1.8208,7.38599,flask
1997,9,15,1997.70411,1723.26,1.6966,2.22607,flask
1997,10,15,1997.786301,1720.44,2.1315,0.703003,flask
1997,11,15,1997.871233,1715.97,2.1118,4.06689,flask
1997,12,15,1997.953425,1710.84,2.384,5.96704,flask
1998,1,15,1998.038356,1704.4,2.6142,6.16199,flask
1998,2,15,1998.123288,1698.82,1.8386,6.62,flask
1998,3,15,1998.2,1697.34,2.265,9.37207,flask
1998,4,15,1998.284932,1700.79,3.0162,12.052,flask
1998,5,15,1998.367123,1709.62,4.1675,11.9879,flask
1998,6,15,1998.452055,1718.38,2.4109,9.76904,flask
1998,7,15,1998.534247,1723.9,3.2104,9.58594,flask
1998,8,15,1998.619178,1729.01,1.7466,10.913,flask
1998,9,15,1998.70411,1732.63,1.9235,11.9049,flask
1998,10,15,1998.786301,1732.49,1.069,13.543,flask
1998,11,15,1998.871233,1727.95,3.3952,12.7451,flask
1998,12,15,1998.953425,1720.61,3.0302,11.517,flask
1999,1,15,1999.038356,1713.99,2.0373,11.8929,flask
1999,2,15,1999.123288,1709.74,1.9462,10.026,flask
1999,3,15,1999.2,1709.24,1.9941,8.21497,flask
1999,4,15,1999.284932,1714.33,2.7077,8.76794,flask
1999,5,15,1999.367123,1722.36,3.3385,7.7821,flask
1999,6,15,1999.452055,1729.9,2.6902,5.73096,flask
1999,7,15,1999.534247,1735.79,2.6207,3.80603,flask
1999,8,15,1999.619178,1739.04,2.0932,2.17505,flask
1999,9,15,1999.70411,1740.85,1.4327,2.48999,flask
1999,10,15,1999.786301,1741.26,1.9242,3.59705,flask
1999,11,15,1999.871233,1735.74,3.1877,2.60193,flask
1999,12,15,1999.953425,1726.34,3.2653,2.12,flask
2000,1,15,2000.038251,1717.79,3.0053,2.11707,flask
2000,2,15,2000.122951,1711.91,1.9372,0.828979,flask
2000,3,15,2000.202186,1711.73,1.9411,-0.302979,flask
2000,4,15,2000.286885,1717.93,3.7818,-1.01404,flask
2000,5,15,2000.368852,1724.96,3.1225,-0.185059,flask
2000,6,15,2000.453552,1732.02,2.6626,0.369019,flask
2000,7,15,2000.535519,1737.91,2.5788,-0.875977,flask
2000,8,15,2000.620219,1739.87,1.5186,-1.37695,flask
2000,9,15,2000.704918,1740.55,1.7544,-1.17798,flask
2000,10,15,2000.786885,1740.24,1.6745,-2.55103,flask
2000,11,15,2000.871585,1735.55,3.9046,-1.80005,flask
2000,12,15,2000.953552,1726.71,3.6738,-0.797974,flask
2001,1,15,2001.038356,1716.92,2.9781,-0.784058,flask
2001,2,15,2001.123288,1710.53,1.4682,0.39502,flask
2001,3,15,2001.2,1710.55,1.9889,0.828979,flask
2001,4,15,2001.284932,1715.37,2.3038,-1.38098,flask
2001,5,15,2001.367123,1723.16,2.636,-3.52405,flask
2001,6,15,2001.452055,1731.22,3.2,-2.81897,flask
2001,7,15,2001.534247,1737.13,1.7153,-1.52698,flask
2001,8,15,2001.619178,1740.26,1.8203,0.550903,flask
2001,9,15,2001.70411,1741.38,1.7004,1.63806,flask
2001,10,15,2001.786301,1738.86,2.2914,1.849,flask
2001,11,15,2001.871233,1732.03,3.6096,1.64111,flask
2001,12,15,2001.953425,1723.89,3.9049,1.33203,flask
2002,1,15,2002.038356,1715.39,2.3588,1.41699,flask
2002,2,15,2002.123288,1711.08,1.0502,1.51001,flask
2002,3,15,2002.2,1712.19,2.5773,1.35596,flask
2002,4,15,2002.284932,1717.22,2.0635,2.83997,flask
2002,5,15,2002.367123,1724.81,2.8813,5.146,flask
2002,6,15,2002.452055,1732.55,2.958,4.63696,flask
2002,7,15,2002.534247,1738.54,2.0078,3.58997,flask
2002,8,15,2002.619178,1741.77,2.1561,1.78503,flask
2002,9,15,2002.70411,1742.73,0.7695,0.145996,flask
2002,10,15,2002.786301,1741.7,1.7363,1.16699,flask
2002,11,15,2002.871233,1737.17,2.3553,1.875,flask
2002,12,15,2002.953425,1728.53,3.3882,-0.13501,flask
2003,1,15,2003.038356,1718.98,2.6902,-1.4939,flask
2003,2,15,2003.123288,1712.87,1.6463,0.0620117,flask
2003,3,15,2003.2,1712.34,1.8779,1.75208,flask
2003,4,15,2003.284932,1718.39,2.6715,0.571045,flask
2003,5,15,2003.367123,1726.68,2.5634,-1.20496,flask
2003,6,15,2003.452055,1732.42,2.9665,0.74707,flask
2003,7,15,2003.534247,1737.05,1.7853,2.00598,flask
2003,8,15,2003.619178,1741.83,1.5865,0.402954,flask
2003,9,15,2003.70411,1744.48,1.6656,-1.40698,flask
2003,10,15,2003.786301,1742.27,2.113,-2.005,flask
2003,11,15,2003.871233,1735.97,2.9402,-1.57007,flask
2003,12,15,2003.953425,1729.28,3.0498,-0.749023,flask
2004,1,15,2004.038251,1720.98,2.785,1.23291,flask
2004,2,15,2004.122951,1713.27,2.252,1.22205,flask
2004,3,15,2004.202186,1710.93,2.7702,-1.31201,flask
2004,4,15,2004.286885,1716.39,3.3479,-1.271,flask
2004,5,15,2004.368852,1725.11,2.9964,-1.17004,flask
2004,6,15,2004.453552,1731.67,2.835,-3.19397,flask
2004,7,15,2004.535519,1738.28,2.7635,-3.58997,flask
2004,8,15,2004.620219,1743.06,2.0571,-1.81995,flask
2004,9,15,2004.704918,1743.17,1.9236,0.651001,flask
2004,10,15,2004.786885,1741,1.8768,0.770996,flask
2004,11,15,2004.871585,1734.8,2.8329,0.256958,flask
2004,12,15,2004.953552,1726.08,3.8211,-0.713013,flask
2005,1,15,2005.038356,1717.4,2.8653,-3.203,flask
2005,2,15,2005.123288,1711.45,1.9141,-2.66101,flask
2005,3,15,2005.2,1711.58,3.1818,-1.31104,flask
2005,4,15,2005.284932,1717.16,2.2168,-0.776978,flask
2005,5,15,2005.367123,1725.37,3.8973,1.22205,flask
2005,6,15,2005.452055,1730.95,1.3199,1.96399,flask
2005,7,15,2005.534247,1735.08,3.4216,1.09998,flask
2005,8,15,2005.619178,1740.4,1.8893,0.521973,flask
2005,9,15,2005.70411,1741.86,0.9163,0.360962,flask
2005,10,15,2005.786301,1740.22,3.6698,0.0710449,flask
2005,11,15,2005.871233,1736.02,1.7984,-2.08289,flask
2005,12,15,2005.953425,1728.05,3.2712,-1.4469,flask
2006,1,15,2006.038356,1718.49,4.3506,-0.267944,flask
2006,2,15,2006.123288,1711.97,3.5499,-2.45508,flask
2006,3,15,2006.2,1711.94,2.4869,-1.599,flask
2006,4,15,2006.284932,1717.23,2.327,-0.19397,flask
2006,5,15,2006.367123,1723.28,3.2411,-0.253052,flask
2006,6,15,2006.452055,1729.51,2.0985,-0.269043,flask
2006,7,15,2006.534247,1734.81,3.9567,-0.389038,flask
2006,8,15,2006.619178,1737.94,2.8387,0.684082,flask
2006,9,15,2006.70411,1740.26,1.7452,1.99597,flask
2006,10,15,2006.786301,1740.03,2.2974,2.92297,flask
2006,11,15,2006.871233,1735.77,3.9092,4.76892,flask
2006,12,15,2006.953425,1727.78,2.98,6.66296,flask
2007,1,15,2007.038356,1718.11,2.6261,7.60596,flask
2007,2,15,2007.123288,1712.66,1.8619,7.71509,flask
2007,3,15,2007.2,1713.94,2.3112,8.20801,flask
2007,4,15,2007.284932,1720.15,2.1871,8.71094,flask
2007,5,15,2007.367123,1728.05,2.8895,8.32507,flask
2007,6,15,2007.452055,1736.17,3.0938,8.88,flask
2007,7,15,2007.534247,1742.42,2.5811,11.1681,flask
2007,8,15,2007.619178,1745.66,1.5965,11.865,flask
2007,9,15,2007.70411,1748.47,2.0053,12.0031,flask
2007,10,15,2007.786301,1748.74,1.7075,12.668,flask
2007,11,15,2007.871233,1744.09,2.3426,10.073,flask
2007,12,15,2007.953425,1736.66,2.5479,6.22498,flask
2008,1,15,2008.038251,1729.27,2.7519,7.99207,flask
2008,2,15,2008.122951,1724.52,2.0077,10.382,flask
2008,3,15,2008.202186,1725.94,3.4936,7.41797,flask
2008,4,15,2008.286885,1732.82,4.1457,5.83398,flask
2008,5,15,2008.368852,1738.13,1.6933,5.177,flask
2008,6,15,2008.453552,1742.4,2.8946,2.17505,flask
2008,7,15,2008.535519,1750.41,3.399,1.18896,flask
2008,8,15,2008.620219,1756.04,1.4404,1.73596,flask
2008,9,15,2008.704918,1755.89,2.2172,0.763916,flask
2008,10,15,2008.786885,1754.57,2.373,-0.557007,flask
2008,11,15,2008.871585,1749.27,3.9773,0.841064,flask
2008,12,15,2008.953552,1738.83,3.579,3.56299,flask
2009,1,15,2009.038356,1730.46,3.8026,2.51501,flask
2009,2,15,2009.123288,1726.26,0.7025,2.29602,flask
2009,3,15,2009.2,1726.7,2.1064,4.41199,flask
2009,4,15,2009.284932,1732.26,2.4441,4.55408,flask
2009,5,15,2009.367123,1738.97,3.8161,4.47693,flask
2009,6,15,2009.452055,1745.96,4.1582,4.59094,flask
2009,7,15,2009.534247,1752.93,2.633,4.99194,flask
2009,8,15,2009.619178,1758.33,1.6006,5.875,flask
2009,9,15,2009.70411,1760.3,1.6078,5.6311,flask
2009,10,15,2009.786301,1759.13,1.5962,4.42102,flask
2009,11,15,2009.871233,1753.75,2.8968,3.43494,flask
2009,12,15,2009.953425,1743.42,3.6806,5.75696,flask
2010,1,15,2010.038356,1735.45,2.3297,9.203,flask
2010,2,15,2010.123288,1732.14,1.1532,7.67798,flask
2010,3,15,2010.2,1732.34,2.3327,5.76501,flask
2010,4,15,2010.284932,1736.68,1.6071,6.34192,flask
2010,5,15,2010.367123,1742.4,2.282,8.12708,flask
2010,6,15,2010.452055,1751.72,3.9249,10.9821,flask
2010,7,15,2010.534247,1762.13,3.0922,9.73901,flask
2010,8,15,2010.619178,1766.01,1.3957,7.73193,flask
2010,9,15,2010.70411,1766.06,1.3993,10.2029,flask
2010,10,15,2010.786301,1765.47,1.0939,13.338,flask
2010,11,15,2010.871233,1761.87,1.7248,11.417,flask
2010,12,15,2010.953425,1754.4,3.3942,6.43811,flask
2011,1,15,2011.038356,1745.19,3.3112,3.30298,flask
2011,2,15,2011.123288,1739.87,1.0044,4.51904,flask
2011,3,15,2011.2,1742.54,2.2602,6.94702,flask
2011,4,15,2011.284932,1750.02,1.837,6.99597,flask
2011,5,15,2011.367123,1753.82,4.1159,5.14502,flask
2011,6,15,2011.452055,1758.15,2.2696,3.43896,flask
2011,7,15,2011.534247,1765.43,2.885,4.15808,flask
2011,8,15,2011.619178,1770.53,1.1975,4.20801,flask
2011,9,15,2011.70411,1773.01,1.2404,1.24109,flask
2011,10,15,2011.786301,1772.47,1.3751,0.0849609,flask
2011,11,15,2011.871233,1767.02,2.6509,3.69897,flask
2011,12,15,2011.953425,1757.84,2.8626,5.5979,flask
2012,1,15,2012.038251,1749.35,2.2237,4.974,flask
2012,2,15,2012.122951,1744.07,2.1178,5.073,flask
2012,3,15,2012.202186,1743.78,1.8295,4.922,flask
2012,4,15,2012.286885,1750.1,2.7484,4.08606,flask
2012,5,15,2012.368852,1757.52,2.0245,5.03894,flask
2012,6,15,2012.453552,1763.75,2.1032,5.76904,flask
2012,7,15,2012.535519,1770.41,2.4892,2.96094,flask
2012,8,15,2012.620219,1775.6,1.7072,3.35107,flask
2012,9,15,2012.704918,1777.93,1.2963,4.78101,flask
2012,10,15,2012.786885,1776.55,1.3248,3.13098,flask
2012,11,15,2012.871585,1772.06,2.0986,3.95105,flask
2012,12,15,2012.953552,1763.61,3.3592,6.46802,flask
2013,1,15,2013.03836,1752.31,2.641,5.24902,in situ
2013,2,15,2013.12329,1747.43,0.825,4.078,in situ
2013,3,15,2013.2,1748.56,1.177,3.86401,in situ
2013,4,15,2013.28493,1753.24,2,3.11804,in situ
2013,5,15,2013.36712,1761.47,2.958,1.97607,in situ
2013,6,15,2013.45205,1770.22,2.224,1.93091,in situ
2013,7,15,2013.53425,1775.65,1.472,3.88098,in situ
2013,8,15,2013.61918,1779.68,1.234,4.48401,in situ
2013,9,15,2013.70411,1781.8,0.545,5.88293,in situ
2013,10,15,2013.7863,1779.67,1.379,7.52405,in situ
2013,11,15,2013.87123,1774.03,2.144,8.21204,in situ
2013,12,15,2013.95342,1765.54,2.953,9.58508,in situ
2014,1,15,2014.03836,1756.19,2.41,11.5079,in situ
2014,2,15,2014.12329,1751.91,0.718,11.542,in situ
2014,3,15,2014.2,1754.44,1.652,10.787,in situ
2014,4,15,2014.28493,1760.76,2.269,11.51,in situ
2014,5,15,2014.36712,1769.68,3.125,12.569,in situ
2014,6,15,2014.45205,1779.81,2.807,13.212,in situ
2014,7,15,2014.53425,1787.16,1.764,13.703,in situ
2014,8,15,2014.61918,1791.22,1.104,13.2939,in situ
2014,9,15,2014.70411,1792.58,0.446,12.703,in situ
2014,10,15,2014.7863,1791.18,1.003,13.001,in situ
2014,11,15,2014.87123,1786.6,1.92,11.8629,in situ
2014,12,15,2014.95342,1778.76,2.769,9.375,in situ
2015,1,15,2015.03836,1769.9,2.363,8.72205,in situ
2015,2,15,2015.12329,1765.2,0.717,9.349,in situ
2015,3,15,2015.2,1767.15,1.62,9.73999,in situ
2015,4,15,2015.28493,1773.76,2.319,9.79199,in situ
2015,5,15,2015.36712,1781.54,2.418,9.63794,in situ
2015,6,15,2015.45205,1789.18,2.242,9.29297,in situ
2015,7,15,2015.53425,1795.88,1.926,8.88208,in situ
2015,8,15,2015.61918,1800.57,1.257,9.172,in situ
2015,9,15,2015.70411,1802.32,0.609,9.09106,in situ
2015,10,15,2015.7863,1800.97,0.992,7.09204,in situ
2015,11,15,2015.87123,1796.24,2.029,6.36108,in situ
2015,12,15,2015.95342,1788.05,2.92,7.18994,in situ
2016,1,15,2016.03825,1778.78,2.443,6.21594,in situ
2016,2,15,2016.12295,1774.38,0.652,4.78101,in situ
2016,3,15,2016.20219,1776.24,1.351,4.77698,in situ
2016,4,15,2016.28689,1780.85,1.783,4.4469,in situ
2016,5,15,2016.36885,1787.91,2.622,2.78601,in situ
2016,6,15,2016.45355,1796.37,2.297,1.44507,in situ
2016,7,15,2016.53552,1802.1,1.406,1.71997,in situ
2016,8,15,2016.62022,1805.35,0.983,1.87903,in situ
2016,9,15,2016.70492,1807.1,0.668,1.17297,in situ
2016,10,15,2016.78689,1805.42,1.318,2.57898,in situ
2016,11,15,2016.87158,1799.03,2.559,5.47998,in situ
2016,12,15,2016.95355,1789.49,3.096,6.78601,in situ
2017,1,15,2017.03836,1780.5,2.257,7.98901,in situ
2017,2,15,2017.12329,1776.26,0.736,9.46094,in situ
2017,3,15,2017.2,1777.41,1.286,9.49609,in situ
2017,4,15,2017.28493,1783.43,2.557,9.521,in situ
2017,5,15,2017.36712,1793.39,3.295,10.7211,in situ
2017,6,15,2017.45205,1803.16,2.566,11.8099,in situ
2017,7,15,2017.53425,1810.09,1.848,12.2,in situ
2017,8,15,2017.61918,1814.81,1.173,12.475,in situ
2017,9,15,2017.70411,1816.6,0.541,12.671,in situ
2017,10,15,2017.7863,1814.94,1.304,12.9969,in situ
2017,11,15,2017.87123,1809.75,2.186,12.833,in situ
2017,12,15,2017.95342,1801.3,2.884,11.675,in situ
2018,1,15,2018.03836,1792.7,2.168,10.885,in situ
2018,2,15,2018.12329,1788.73,0.687,11.109,in situ
2018,3,15,2018.2,1790.08,1.301,11.5129,in situ
2018,4,15,2018.28493,1796.43,2.646,11.201,in situ
2018,5,15,2018.36712,1806.22,3.083,10.127,in situ
2018,6,15,2018.45205,1814.83,2.109,9.12305,in situ
2018,7,15,2018.53425,1820.97,1.791,8.646,in situ
2018,8,15,2018.61918,1825.92,1.303,8.42798,in situ
2018,9,15,2018.70411,1828.11,0.507,7.90601,in situ
2018,10,15,2018.7863,1826.14,1.344,6.43909,in situ
2018,11,15,2018.87123,1819.88,2.486,4.276,in situ
2018,12,15,2018.95342,1810.43,3.093,3.68896,in situ
2019,1,15,2019.03836,1801.34,2.219,4.72803,in situ
2019,2,15,2019.12329,1797.16,0.695,5.20605,in situ
2019,3,15,2019.2,1797.99,1.129,4.91406,in situ
2019,4,15,2019.28493,1802.87,2.042,5.26404,in situ
2019,5,15,2019.36712,1810.49,2.571,6.13403,in situ
2019,6,15,2019.45205,1818.52,2.322,6.41492,in situ
2019,7,15,2019.53425,1825.7,2.059,6.06506,in situ
2019,8,15,2019.61918,1831.13,1.27,5.81604,in situ
2019,9,15,2019.70411,1833.02,0.37,6.41492,in situ
2019,10,15,2019.7863,1831.41,1.142,6.51794,in situ
2019,11,15,2019.87123,1826.01,2.322,6.56396,in situ
2019,12,15,2019.95342,1816.84,3.128,7.81299,in situ
2020,1,15,2020.03825,1807.41,2.4,8.63293,in situ
2020,2,15,2020.12295,1802.97,0.781,8.67603,in situ
2020,3,15,2020.20219,1804.4,1.229,9.43701,in situ
2020,4,15,2020.28689,1809.39,1.938,10.405,in situ
2020,5,15,2020.36885,1817.06,2.768,11.49,in situ
2020,6,15,2020.45355,1826.33,2.764,12.5291,in situ
2020,7,15,2020.53552,1834.33,2.101,12.7629,in situ
2020,8,15,2020.62022,1839.81,1.324,13.507,in situ
2020,9,15,2020.70492,1842.46,0.583,15.738,in situ
2020,10,15,2020.78689,1841.81,0.956,17.65,in situ
2020,11,15,2020.87158,1837.5,1.888,17.6171,in situ
2020,12,15,2020.95355,1829.37,2.972,17.304,in situ
2021,1,15,2021.03836,1820.17,2.331,17.5431,in situ
2021,2,15,2021.12329,1816.48,0.658,17.6089,in situ
2021,3,15,2021.2,1820.14,1.993,17.8319,in situ
2021,4,15,2021.28493,1827.04,2.212,18.288,in situ
2021,5,15,2021.36712,1834.68,2.602,18.3149,in situ
2021,6,15,2021.45205,1843.64,2.722,18.4,in situ
2021,7,15,2021.53425,1851.88,2.236,19.364,in situ
2021,8,15,2021.61918,1857.41,1.381,19.447,in situ
2021,9,15,2021.70411,1860.29,0.713,17.522,in situ
2021,10,15,2021.7863,1860.1,0.81,17.319,in situ
2021,11,15,2021.87123,1855.81,1.946,19.312,in situ
2021,12,15,2021.95342,1847.77,2.763,18.373,in situ
2022,1,15,2022.03836,1839.54,2.007,16.579,in situ
2022,2,15,2022.12329,1835.93,0.727,17.3521,in situ
2022,3,15,2022.2,1837.66,1.483,17.349,in situ
2022,4,15,2022.28493,1844.35,2.701,16.5909,in situ
2022,5,15,2022.36712,1853.99,2.938,16.39,in situ
2022,6,15,2022.45205,1862.01,2.04,16.22,in situ
2022,7,15,2022.53425,1868.46,2.094,15.483,in situ
2022,8,15,2022.61918,1874.77,1.68,14.916,in situ
2022,9,15,2022.70411,1877.64,0.66,15.625,in situ
2022,10,15,2022.7863,1876.69,0.872,15.496,in situ
2022,11,15,2022.87123,1872.2,2,13.6899,in situ
2022,12,15,2022.95342,1863.99,2.893,12.86,in situ
2023,1,15,2023.03836,1855.02,2.318,12.6649,in situ
2023,2,15,2023.12329,1850.84,0.684,11.957,in situ
2023,3,15,2023.2,1853.29,1.71,11.453,in situ
2023,4,15,2023.28493,1859.85,2.276,11.2211,in situ
2023,5,15,2023.36712,1867.68,2.457,11.516,in situ
2023,6,15,2023.45205,1874.87,2.003,10.9821,in situ
2023,7,15,2023.53425,1881.12,1.985,9.23096,in situ
2023,8,15,2023.61918,1886.72,1.543,6.92896,in situ
2023,9,15,2023.70411,1889.09,0.473,4.552,in situ
2023,10,15,2023.7863,1887.91,0.931,4.00403,in situ
2023,11,15,2023.87123,1883.72,1.896,4.94495,in situ
2023,12,15,2023.95342,1874.97,3.275,5.32104,in situ
2024,1,15,2024.03825,1864.25,2.886,4.33801,in situ
2024,2,15,2024.12295,1857.77,1.218,3.354,in situ
2024,3,15,2024.20219,1857.84,1.199,NaN,in situ
2024,4,15,2024.28689,1863.85,2.474,NaN,in situ
2024,5,15,2024.36885,1872.62,2.732,NaN,in situ
2024,6,15,2024.45355,1880.19,1.919,NaN,in situ
2024,7,15,2024.53552,1885.46,1.586,NaN,in situ
2024,8,15,2024.62022,1890.08,1.334,NaN,in situ
